Date,Estrategia,Benchmark,CDI,Estrategia_Acum,Benchmark_Acum,CDI_Acum
2011-01-10,-0.0004055309541576,0.0009991863768075,1.5922214766650455e-06,0.9995944690458424,1.0009991863768075,1.0000015922214767
2011-01-11,0.0075981568989584546,0.0042209134855333,1.5922214766650455e-06,1.0071895446569838,1.0052243173415933,1.0000031844454884
2011-01-12,0.014437270113679701,0.0171818865995483,1.5922214766650455e-06,1.0217306121688707,1.022495967569265,1.0000047766720355
2011-01-13,-0.005625234205569553,-0.0127315622687866,1.5922214766650455e-06,1.0159831381804207,1.0094779964885738,1.0000063689011176
2011-01-14,0.0014739788665064078,0.0030966756691788,1.5922214766650455e-06,1.0174806758548254,1.0126040224388715,1.000007961132735
2011-01-17,-0.001715585891467854,-0.0046659148576261,1.5922214766650455e-06,1.0157351003624877,1.007879298285682,1.0000095533668876
2011-01-18,0.0034890207820713,0.0044045376651702,1.5922214766650455e-06,1.0192790212367318,1.0123185406169266,1.0000111456035754
2011-01-19,-0.010092179454949309,-0.0121545403271291,1.5922214766650455e-06,1.0089922744397455,1.0000142740910976,1.0000127378427983
2011-01-20,-0.002448792163929723,-0.0070798481258386,1.6632242079150927e-06,1.0065214620646319,0.9929343249068618,1.0000144010881922
2011-01-21,-0.0021568548624285077,-0.0061671602311607,1.6632242079150927e-06,1.004350541355039,0.9868107398261419,1.0000160643363523
2011-01-24,0.0067143222638224075,0.0042526723851128,1.6632242079150927e-06,1.0110940745555412,0.9910073226087333,1.0000177275872788
2011-01-26,-0.004869051921868454,-0.0103417978596223,3.3264511820618736e-06,1.0061710050086368,0.9807585252009082,1.0000210540974308
2011-01-27,-0.0067016267017851626,-0.0095766202389788,1.6632242079150927e-06,0.9994280225349088,0.9713661732589183,1.0000227173566565
2011-01-28,-0.01784485157425434,-0.0198821472131195,1.6632242079150927e-06,0.9815933778136229,0.9520533280043398,1.0000243806186484
2011-01-31,-0.0011176473756653463,-0.0018441332573689,1.6632242079150927e-06,0.980496302550939,0.9502976147993784,1.0000260438834068
2011-02-01,0.015028459315456447,0.0191062711227938,1.6632242079150927e-06,0.9952316513427812,0.9684542586750796,1.0000277071509316
2011-02-02,-0.015634710792943277,-0.0170825533921912,1.6632242079150927e-06,0.9796714923020534,0.9519105870933676,1.0000293704212226
2011-02-03,0.0058272226172546475,0.0011546305182341,1.6632242079150927e-06,0.9853802561794756,0.9530096921078558,1.0000310336942801
2011-02-04,-0.02045087761707352,-0.02240694974912,1.6632242079150927e-06,0.9652283651540685,0.9316556518263707,1.000032696970104
2011-02-07,0.010149408020478217,0.0014248724509338,1.6632242079150927e-06,0.9750248616649563,0.9329831422984148,1.0000343602486945
2011-02-08,0.0018144425717645306,0.0062574584621033,1.6632242079150927e-06,0.97679398828249,0.9388212455571898,1.0000360235300512
2011-02-09,-0.019773194447972733,-0.0236122303142722,1.6632242079150927e-06,0.9574796508165695,0.9166535820831616,1.0000376868141743
2011-02-10,-0.0052690508732331845,0.0056059048864804,1.6646125169383907e-06,0.9524346418263315,0.9217922548781714,1.0000393514894252
2011-02-11,0.015554231032296908,0.0182415063953669,1.6632242079150927e-06,0.9672490302884612,0.9386071341907313,1.0000410147790835
2011-02-14,0.003825969824936953,0.0121966056329461,1.6646125169383907e-06,0.9709496958915445,0.9500549552507254,1.000042679459874
2011-02-15,-0.000640786186466869,-0.003260314312329,1.6646125169383907e-06,0.9703275247386629,0.9469574774826224,1.0000443441434357
2011-02-16,0.0208361000798188,0.0185405706878099,1.6646125169383907e-06,0.9905453661543204,0.9645146095322391,1.0000460088297685
2011-02-17,-0.0018980057236905393,0.0016871142945937,1.6646125169383907e-06,0.9886653053797844,0.9661418559173255,1.0000476735188724
2011-02-18,0.006745980389968208,0.0056437910910835,1.6660404913437787e-06,0.9953348221421182,0.9715945587164747,1.0000493396387897
2011-02-21,-0.007939505549299085,-0.0118706568528067,1.6660404913437787e-06,0.9874323557983102,0.9600610931098973,1.0000510057614829
2011-02-22,-0.010683809025138201,-0.0121768090515766,1.6660404913437787e-06,0.9768828170837187,0.9483706125012502,1.0000526718869518
2011-02-23,-0.0003692627295956313,0.0070740517760385,1.6660404913437787e-06,0.9765220906681874,0.9550794353169575,1.0000543380151967
2011-02-24,0.0,0.0005828725153191,1.6660404913437787e-06,0.9765220906681874,0.9556361248697504,1.0000560041462174
2011-02-25,-0.0023054115912068463,-0.0006870901731168,1.6660404913437787e-06,0.9742708053212914,0.9549795166792768,1.000057670280014
2011-02-28,0.008399688926774162,0.0071745661629523,1.6646125169383907e-06,0.9824543770164279,0.9618310804059566,1.0000593349885296
2011-03-01,-0.01030424083930417,-0.0169182137927964,1.6660404913437787e-06,0.9723309305020221,0.9455586165550923,1.0000610011278754
2011-03-02,0.007996634904430085,0.0156846761167217,1.6660404913437787e-06,0.9801063059595315,0.9603893972051344,1.000062667269997
2011-03-03,0.007133325858289485,0.0128414732023423,1.7339083517864395e-06,0.9870977236157052,0.9727222119131578,1.0000644012870081
2011-03-04,0.0006665046365998768,-0.0019663663311125,1.7339083517864395e-06,0.9877556288252723,0.9708094837061265,1.000066135307026
2011-03-09,0.0,-0.0109980591660294,1.7339083517864395e-06,0.9877556288252723,0.9601324635653842,1.0000678693300502
2011-03-10,-0.02170664632415577,-0.018182088487155,1.7339083517864395e-06,0.9663147667356681,0.9426752501534482,1.0000696033560812
2011-03-11,0.00607104540007333,0.0097515179963962,1.7339083517864395e-06,0.9721813075552816,0.951867764820077,1.0000713373851189
2011-03-14,0.006902632983331,0.0072580040488865,1.7339083517864395e-06,0.9788919183145907,0.9587764249111457,1.000073071417163
2011-03-15,-0.0019073022725020075,-0.0024416025249742,1.7352966361627864e-06,0.9770248755342554,0.9564354739711969,1.0000748068405998
2011-03-16,-0.023579131190831992,-0.0149541079023953,1.7352966361627864e-06,0.953987477817327,0.942132834691753,1.0000765422670481
2011-03-17,0.006187176014953993,0.0032271260397254,1.7339083517864395e-06,0.9598899662586446,0.9451732160954671,1.000078276308117
2011-03-18,0.010614032732709455,0.0100277878458379,1.7352966361627864e-06,0.9700782697803134,0.9546512125840407,1.000080011740586
2011-03-21,0.0018152847311271615,-0.002840909090909,1.7339083517864395e-06,0.971839238051444,0.9519391352755635,1.0000817457876707
2011-03-22,0.0034020809150312,0.0133153396311291,1.7339083517864395e-06,0.9751455137756974,0.9646145281699211,1.0000834798377622
2011-03-23,0.009788185355225446,0.0032259019207434,1.7352966361627864e-06,0.9846904188128505,0.9677262800291215,1.0000852152792608
2011-03-24,-0.0013547622391337697,-0.0038792849135642,1.7352966361627864e-06,0.983356397416206,0.963972194070545,1.0000869507237706
2011-03-25,0.007927444714369347,0.0034501651044673,1.7352966361627864e-06,0.9911519008912444,0.9672980572962041,1.000088686171292
2011-03-28,-0.0018208307167437614,-0.0084555676888115,1.7367245852550894e-06,0.9893471810651426,0.9591190030974802,1.0000904230499008
2011-03-29,0.005178339935146069,0.0033634455970115,1.7367245852550894e-06,0.9944703570825766,0.9623449476854585,1.000092159931526
2011-03-30,0.0059285260594668775,0.0085732508639997,1.7367245852550894e-06,1.0003661005099078,0.9705953723396686,1.0000938968161677
2011-03-31,0.012171167948182316,0.0086768533905907,1.7367245852550894e-06,1.0125417243288821,0.9790170860870459,1.0000956337038258
2011-04-01,0.001420642480097523,0.0099289952906527,1.7381128685212133e-06,1.0139801841153349,0.9887377421242727,1.0000973719829165
2011-04-04,0.023796165783473634,0.006294392793209,1.7367245852550894e-06,1.0381090246777005,0.9949612458426735,1.00009910887661
2011-04-05,0.0016002986931455388,0.0019224147825089,1.7352966361627864e-06,1.0397703091932349,0.996873974049705,1.0001008443452295
2011-04-06,-0.002767454385351308,-0.0114694006128468,1.7339083517864395e-06,1.0368927922913,0.9854404270808083,1.000102578428436
2011-04-07,-0.010304963099153517,0.0020134130973246,1.7352966361627864e-06,1.0262076503289599,0.987424525743326,1.0001043139030763
2011-04-08,-0.0074121738597663,-0.0066207933387302,1.7339083517864395e-06,1.0186012208084994,0.9808869920207857,1.0001060479922987
2011-04-11,-0.00048119726246750806,-0.0080619342821386,1.7339083517864395e-06,1.0181110726895002,0.9729791455529094,1.000107782084528
2011-04-12,-0.01171809541900731,-0.0186021947068834,1.7324804015839137e-06,1.0061807499925768,0.9548795980415972,1.00010951475166
2011-04-13,-0.0008074641113072924,-0.0061289165271466,1.7352966361627864e-06,1.0053682951474696,0.9490272206917248,1.000111250238337
2011-04-14,-0.002251488942883792,-0.0031134374153957,1.7367245852550894e-06,1.0031047195474192,0.9460724838345942,1.0001129871561332
2011-04-15,-0.0006133024583674387,0.0061105327479291,1.7367245852550894e-06,1.0024895129569207,0.9518534907289802,1.000114724076946
2011-04-18,-0.0010883168904318387,-0.0190300521864315,1.7409290988812387e-06,1.0013984866874888,0.9337396691265707,1.0001164652057712
2011-04-19,0.002414673927172646,0.0113582511656347,1.7367245852550894e-06,1.0038165375040031,0.9443453188118269,1.0001182021326245
2011-04-20,0.007698526816074448,0.0136037969708879,1.7339083517864395e-06,1.0115444460363967,0.9571920007993515,1.0001199362459279
2011-04-25,0.002189078939785838,-0.0012824718900056,1.7677030212936984e-06,1.0137587966798722,0.9559644289649881,1.000121704160961
2011-04-26,0.005626190087308901,0.0025682374723765,1.7691309586176374e-06,1.0194623963726748,0.958419572633715,1.0001234735072302
2011-04-27,-0.008629643086603916,-0.0131061598951507,1.7691309586176374e-06,1.0106647997517646,0.9458583724681355,1.0001252428566296
2011-04-28,-0.008159295562079623,-0.0089188699746468,1.7691309586176374e-06,1.0024184869364,0.9374223846296612,1.0001270122091592
2011-04-29,-0.0007966885532502614,0.0070044005908058,1.7719471672172915e-06,1.0016198716022913,0.9439884665343958,1.0001287843813853
2011-05-02,-0.015253077463661755,-0.0101310994511061,1.770519230781531e-06,0.9863420861115986,0.9344248254992387,1.0001305551286312
2011-05-03,-0.011920710648786931,-0.0174907963276965,1.770519230781531e-06,0.9745841875023413,0.9180809911928882,1.0001323258790125
2011-05-04,-0.0029441806736433228,-0.0109145184862713,1.770519230781531e-06,0.9717148355726586,0.9080605792426191,1.0001340966325287
2011-05-05,0.002539536902537446,-0.0032853370221328,1.770519230781531e-06,0.9741825412563384,0.9050772942032939,1.0001358673891803
2011-05-06,0.013202354327718475,0.0159288406642799,1.770519230781531e-06,0.9870440443458818,0.9194941262115157,1.0001376381489668
2011-05-09,0.009454222412485308,0.0031823897418383,1.7691309586176374e-06,0.9963757782720468,0.9224203148864519,1.0001394075234253
2011-05-10,-0.0020587663871532613,0.0039460245736746,1.7691309586176374e-06,0.9943244733107666,0.9260602081162506,1.0001411769010142
2011-05-11,-0.015654614090689908,-0.0169705750882439,1.7677030212936984e-06,0.978758707400158,0.910344433818179,1.0001429448535943
2011-05-12,0.007055381986471938,0.003559332664325,1.7663147482416264e-06,0.9856642239534518,0.9135846524972545,1.0001447114208282
2011-05-13,-0.011239957664507248,-0.0119994375263658,1.7663147482416264e-06,0.9745853998047955,0.9026221505345671,1.0001464779911824
2011-05-16,-0.0013183003758239387,-0.0064046809520044,1.7648868095854198e-06,0.9733006035059604,0.8968411436401811,1.000148243136509
2011-05-17,0.000712921592118154,0.013417157408881,1.7677030212936984e-06,0.9739944905218215,0.9088742024351623,1.0001500111015802
2011-05-18,-0.0024634642816680615,-0.013066762992163,1.7677030212936984e-06,0.9715950898838794,0.8969981586422507,1.0001517790697765
2011-05-19,0.0015835146654744308,-0.0075428462309639,1.7677030212936984e-06,0.9731336249576135,0.8902322394621545,1.000153547041098
2011-05-20,0.0014430940791097233,0.0036878477399906,1.770519230781531e-06,0.9745379483299723,0.8935152804145218,1.000155317832187
2011-05-23,-0.004765676267891823,-0.004025752032845,1.770519230781531e-06,0.9698936159574562,0.8899182094580149,1.0001570886264108
2011-05-24,0.015064743834860977,0.0159114604218462,1.7691309586176374e-06,0.9845048148289223,0.9040781078264863,1.0001588580352798
2011-05-25,-0.002517302555033254,0.0008052165400951,1.7691309586176374e-06,0.9820265183431109,0.9048060864724461,1.0001606274472792
2011-05-26,0.0064124629608236245,0.0112166340632295,1.7677030212936984e-06,0.9883237270185327,0.9149549652425903,1.000162395434242
2011-05-27,0.0006369270253694534,0.0030577700120126,1.7691309586176374e-06,0.9889532171100847,0.9177526870976512,1.0001641648524995
2011-05-30,-0.006118840861936862,-0.0053036783575706,1.7677030212936984e-06,0.9829019697546876,0.9128852220334891,1.0001659328457155
2011-05-31,0.006376014896005201,0.0104137348719393,1.7634985356451691e-06,0.9891689673551564,0.9223917667042573,1.0001676966368735
2011-06-01,-0.009493303799742107,-0.0187093779015784,1.7719471672172915e-06,0.9797784858387767,0.9051343905676827,1.0001694688811904
2011-06-02,0.0030656753913870546,0.0127264985570327,1.7691309586176374e-06,0.9827821686318232,0.916653582083163,1.0001712383119616
2011-06-03,-0.0015712327144743541,0.0019153508362141,1.7691309586176374e-06,0.9812379891372669,0.9184092952881248,1.0001730077458633
2011-06-06,-0.013036191888967047,-0.0197852069442501,1.7719471672172915e-06,0.9684463824221293,0.9002383773213263,1.000174779999591
2011-06-07,-0.001467471951979139,0.0023783852349845,1.7691309586176374e-06,0.9670252145189292,0.9023794909859137,1.0001765494397583
2011-06-08,-0.0077673076301258154,-0.0029263817267234,1.7677030212936984e-06,0.9595140321916723,0.8997387841329225,1.0001783174548666
2011-06-09,-0.008027674874472993,0.0069170117240175,1.7944370989120273e-06,0.951811365503743,0.9059622878513233,1.000180112211945
2011-06-10,-0.007287125785773377,-0.0121634183617198,1.7972532895260684e-06,0.9448753963589885,0.8949426895242468,1.0001819097889417
2011-06-13,-0.008797557322326047,-0.0107501156355168,1.7944370989120273e-06,0.9365628008970648,0.8853219521247008,1.0001837045524664
2011-06-14,0.004704131845658724,0.0029343953049674,1.7930091704698723e-06,0.9409685157942239,0.8879198367044001,1.0001854978910207
2011-06-15,-0.0027038428777946158,-0.009661602765051,1.8028460000429904e-06,0.9384242847745647,0.8793411079549532,1.0001873010714448
2011-06-16,-0.0036422145496216776,-0.0117362508927991,1.8028460000429904e-06,0.9350063421908406,0.869020940091642,1.0001891042551199
2011-06-17,-0.007336074136901499,0.0029401619552897,1.8028460000429904e-06,0.9281470663460555,0.8715760023980496,1.0001909074420459
2011-06-20,0.008527806209812224,0.0017687520471667,1.801457739425416e-06,0.9360621246620603,0.8731176042365525,1.000192709243697
2011-06-21,0.0032834013746080547,0.0041851948731361,1.8042739249324315e-06,0.9391355923288943,0.8767717715574482,1.0001945138653223
2011-06-22,-0.002231728613054347,-0.00374446470435,1.8028460000429904e-06,0.9370396965559562,0.8734887306050809,1.000196317062001
2011-06-24,0.002873473659698739,-0.0028924404353367,1.801457739425416e-06,0.9397322554421018,0.8709622164808679,1.0001981188733973
2011-06-27,0.0006180692318515771,0.0032777750462986,1.801457739425416e-06,0.9403130750353691,0.8738170347003179,1.0001999206880394
2011-06-28,0.009713861824242494,0.0177401702141561,1.800069478141708e-06,0.9494471463177913,0.8893186976319307,1.0002017211173886
2011-06-29,0.0041275534255015775,0.0004975683353931,1.801457739425416e-06,0.953366040138908,0.8897611944559455,1.00020352293852
2011-06-30,0.0014288953933974616,0.0011229826418968,1.805662184883872e-06,0.9547283004818841,0.8907603808327529,1.0002053289681985
2011-07-01,0.003515190317157485,0.0158643676687391,1.805662184883872e-06,0.9580843521592542,0.9048917310190298,1.0002071350011381
2011-07-04,0.003717379600376146,0.007839858661703,1.805662184883872e-06,0.9616459153854108,0.9119859542943627,1.000208941037339
2011-07-05,-0.008308156016887377,-0.0133352115321406,1.8070901086630895e-06,0.9536564110873863,0.8998244286795063,1.000210748505023
2011-07-06,-0.008910076989566846,-0.0075191548089278,1.805662184883872e-06,0.9451592590430037,0.89305850949941,1.0002125545477485
2011-07-07,-0.004392137818026016,-0.0057220490689682,1.805662184883872e-06,0.9410079893173035,0.8879483848865948,1.000214360593735
2011-07-08,-0.013583569085723115,-0.0111563007378591,1.805662184883872e-06,0.9282257422841944,0.8780421656651036,1.0002161666429827
2011-07-11,-0.0127313813532353,-0.0209549200981906,1.805662184883872e-06,0.9164081463772844,0.8596428622407492,1.0002179726954916
2011-07-12,-0.005049652914599162,-0.0086178267800212,1.805662184883872e-06,0.9117806033099679,0.8522346089612768,1.0002197787512617
2011-07-13,0.019718077557051808,0.0161628004354743,1.8070901086630895e-06,0.9297591639610493,0.8660091068701224,1.0002215862385304
2011-07-14,-0.0061733930797637,-0.0163342673479479,1.8070901086630895e-06,0.9240193951724053,0.8518634825927484,1.0002233937290654
2011-07-15,-0.008603663482144424,-0.003368018901121,1.8070901086630895e-06,0.9160694432453672,0.8489943902822011,1.0002252012228667
2011-07-18,-0.0049312558284202775,-0.010760281112344,1.8070901086630895e-06,0.9115520704641258,0.8398589719799616,1.0002270087199343
2011-07-19,0.0015113262819095696,0.0041469798429585,1.805662184883872e-06,0.9129297230655473,0.8433418502076904,1.0002288147920202
2011-07-20,-0.0030727397558096923,0.0006431738939101,1.805662184883872e-06,0.9101245276112235,0.8438842656693858,1.0002306208673672
2011-07-21,0.007006609615741939,0.0193335588633287,1.84072550046821e-06,0.9165014148779069,0.8601995517935418,1.0002324620173775
2011-07-22,0.00013279718897062288,0.0001161575095829,1.84072550046821e-06,0.9166231236894903,0.8602994704312225,1.0002343031707768
2011-07-25,-0.009767846983536839,-0.0049610087937613,1.8421137475410632e-06,0.9076696892757198,0.856031517193145,1.0002361457161375
2011-07-26,-0.004173898440881124,-0.0105217521802204,1.84072550046821e-06,0.9038811681748168,0.8470245657107806,1.0002379868763174
2011-07-27,-0.011029701198958923,-0.0177283451297607,1.84072550046821e-06,0.8939116289704826,0.8320082218764742,1.0002398280398863
2011-07-28,-0.000429870306986007,0.0072055997804008,1.84072550046821e-06,0.8935273629041186,0.8380033401373189,1.0002416692068443
2011-07-29,-0.0038809646207140012,0.0019588471758533,1.84072550046821e-06,0.8900596148210479,0.8396448606135026,1.0002435103771914
2011-08-01,0.0014262034470408995,-0.0048790439113951,1.8421137475410632e-06,0.8913290209117776,0.8355481964685921,1.0002453529395128
2011-08-02,-0.023531062737946456,-0.0209272926062593,1.84072550046821e-06,0.8703551018005501,0.8180624348744617,1.0002471941166406
2011-08-03,-0.015220022244990193,-0.0225785625796095,1.84072550046821e-06,0.857108277790105,0.7995917609946209,1.0002490352971576
2011-08-04,-0.042541014042801084,-0.0572326258100219,1.84072550046821e-06,0.8206460225084351,0.7538290249368393,1.0002508764810636
2011-08-05,0.005930108429170101,0.002613091969476,1.84072550046821e-06,0.8255125424038773,0.7557988495082597,1.0002527176683589
2011-08-08,-0.07247121006861461,-0.0808513852952841,1.84072550046821e-06,0.7656866495290497,0.694691465520935,1.0002545588590432
2011-08-09,0.04292539290128541,0.0510191501602694,1.84072550046821e-06,0.798554049799353,0.7301340337154052,1.0002564000531167
2011-08-10,-2.649102524668491e-05,0.0047701902211101,1.84072550046821e-06,0.798532895283859,0.7336169119431342,1.0002582412505792
2011-08-11,0.023805683770688993,0.0379025197003599,1.84072550046821e-06,0.8175425168694792,0.761422841400576,1.000260082451431
2011-08-12,0.0019356517521703842,0.002437058283186,1.84072550046821e-06,0.8191249944747315,0.7632784732432184,1.0002619236556718
2011-08-15,0.021272603845476357,0.0220485104632244,1.84072550046821e-06,0.8365499159821206,0.7801076266468755,1.0002637648633017
2011-08-16,-0.0036636859959729845,-0.0060016101880991,1.84072550046821e-06,0.8334850597700045,0.7754257247669778,1.000265606074321
2011-08-17,0.01266497769535343,0.0137876445033502,1.84072550046821e-06,0.8440411294614019,0.7861170189988176,1.0002674472887292
2011-08-18,-0.022090199733684347,-0.0352078150818004,1.8393372529512677e-06,0.825396092328155,0.758439556361251,1.000269287117908
2011-08-19,-0.0151596163946374,-0.0129107539428614,1.84072550046821e-06,0.8128834041948275,0.7486475298685379,1.0002711283390922
2011-08-22,0.0012521951381066156,-0.0001525320317267,1.8393372529512677e-06,0.8139012928414078,0.7485333371397599,1.0002729681750415
2011-08-23,0.014857027004497071,0.0256864988558351,1.84072550046821e-06,0.8259934463281475,0.7677605378477548,1.0002748094030014
2011-08-24,0.002472889147638516,0.00016732667745,1.84072550046821e-06,0.8280360365575928,0.7678890046676301,1.0002766506343506
2011-08-25,-0.012164186699731879,-0.0156703100602275,1.8393372529512677e-06,0.8179636516148003,0.7558559458726489,1.0002784904804574
2011-08-26,0.008140934999497609,0.0075160991822937,1.8393372529512677e-06,0.8246226405345481,0.7615370341293543,1.0002803303299481
2011-08-29,0.019893474022197603,0.0283031245899796,1.8393372529512677e-06,0.8410272496121383,0.7830909116862009,1.000282170182823
2011-08-30,0.004303072435715823,0.0095514117496946,1.8393372529512677e-06,0.8446462507876301,0.7905705354211596,1.0002840100390822
2011-08-31,0.023893948067407758,0.0200415274893923,1.8393372529512677e-06,0.8648281844392804,0.8064147765391064,1.0002858498987255
2011-09-01,0.017205701906060272,0.0287282060359324,1.7677030212936984e-06,0.879708160380702,0.8295816263899423,1.0002876181070446
2011-09-02,-0.017572950080364007,-0.0272893079596682,1.7677030212936984e-06,0.8642490927930431,0.8069429179097047,1.0002893863184892
2011-09-05,-0.02106832988193704,-0.0271350739404231,1.7677030212936984e-06,0.8460408078059144,0.7850464621665241,1.0002911545330595
2011-09-06,0.029609703798902733,0.0292556092948834,1.7677030212936984e-06,0.8710918255268318,0.8080134747419984,1.0002929227507555
2011-09-08,0.005101383546393431,0.0179659759393715,1.7677030212936984e-06,0.8755355990329722,0.8225302253879011,1.0002946909715773
2011-09-09,-0.023179985750956877,-0.0320352630848257,1.7677030212936984e-06,0.8552406963229323,0.7961802532223787,1.0002964591955248
2011-09-12,-0.0015024658802187771,-0.0016673240345655,1.7677030212936984e-06,0.8539557263573326,0.7948527627503347,1.000298227422598
2011-09-13,-0.003887891829292631,-0.0025321002065188,1.7677030212936984e-06,0.8506356388662504,0.7928401159056225,1.0002999956527967
2011-09-14,0.01014965426573707,0.0133587786259541,1.7677030212936984e-06,0.8592692965068572,0.8034314914997815,1.0003017638861211
2011-09-15,0.001524984176881193,0.0016878086913263,1.7677030212936984e-06,0.8605796685877101,0.8047875301540202,1.0003035321225713
2011-09-16,0.016825229158762355,0.0147035348787711,1.7677030212936984e-06,0.87505911872107,0.8166207516736399,1.0003053003621472
2011-09-19,0.0020386218640724234,-0.0018703023946862,1.7663147482416264e-06,0.8768430333728507,0.8150934239262342,1.000307067216152
2011-09-20,-0.0019940580423648767,-0.0126788434933365,1.7663147482416264e-06,0.875094557470262,0.8047589819718257,1.0003088340732775
2011-09-21,-0.002015505895493115,-0.0070416289753276,1.7677030212936984e-06,0.8733307992305667,0.7990921678062178,1.0003106023222257
2011-09-22,-0.04590396977531549,-0.048265513915187,1.7677030212936984e-06,0.8332414486188345,0.76052357366145,1.0003123705742996
2011-09-23,-0.0045039945309228455,-0.0009384384384384,1.7677030212936984e-06,0.829488533691317,0.7598098691065874,1.0003141388294992
2011-09-26,0.0025288041562085304,0.0097313544993424,1.7677030212936984e-06,0.831586147742843,0.7672038482949627,1.0003159070878247
2011-09-27,0.007917487715272923,0.0032001190741981,1.7677030212936984e-06,0.8381702208517882,0.7696589919636896,1.000317675349276
2011-09-28,-0.006237677744758261,-0.0120548961424332,1.7677030212936984e-06,0.8329419851188619,0.7603808327504775,1.000319443613853
2011-09-29,0.0031576497725666697,0.0021588135911394,1.7677030212936984e-06,0.8355721241887337,0.7620223532266612,1.0003212118815556
2011-09-30,-0.006348781364112307,-0.0198744965814366,1.7677030212936984e-06,0.8302672594583126,0.7468775425724797,1.000322980152384
2011-10-03,-0.018851927640254673,-0.0292791071019035,1.7691309586176374e-06,0.8146151211609319,0.7250096350114936,1.000324749854737
2011-10-04,-0.010125940000401899,-0.0020869428256418,1.7677030212936984e-06,0.8063663773206362,0.7234965813551852,1.0003265181318195
2011-10-05,-0.00011568382970315416,0.0064712149311447,1.7677030212936984e-06,0.8062730937699639,0.7281784832350832,1.000328286412028
2011-10-06,0.010211027881699584,0.0250127416003449,1.7677030212936984e-06,0.8145059708107132,0.7463922234751734,1.0003300546953622
2011-10-07,-0.015529397302112254,-0.0200038248231019,1.7677030212936984e-06,0.801857183985051,0.7314615241874505,1.000331822981822
2011-10-10,0.028715513209818556,0.0395948794005152,1.7677030212936984e-06,0.8248829245441616,0.7604236550237696,1.000333591271408
2011-10-11,0.004574773893820916,0.0106057477521446,1.7677030212936984e-06,0.8286565774128248,0.7684885164937155,1.0003353595641196
2011-10-13,0.009018703478027808,0.0141721460678332,1.7663147482416264e-06,0.8361299853696285,0.779379648000917,1.0003371264712184
2011-10-14,0.006619709299582109,0.007856998956063,1.7663147482416264e-06,0.8416649228094393,0.7855032330816369,1.000338893381438
2011-10-17,-0.015788409658315225,-0.0203343630746865,1.7663147482416264e-06,0.8283763722130896,0.7695305251438148,1.0003406602947786
2011-10-18,0.009244707695915915,0.0207935300773496,1.7663147482416264e-06,0.8360344696364028,0.7855317812638314,1.0003424272112402
2011-10-19,-0.007283521878216562,-0.0011993022241605,1.7677030212936984e-06,0.8299451942858629,0.7845896912514129,1.000344195519571
2011-10-20,-0.013852875205566632,-0.0173925699523341,1.6986061022183918e-06,0.818448067081961,0.7709436601624425,1.0003458947103259
2011-10-21,0.020099445114170195,0.0230512867987409,1.6986061022183918e-06,0.8348984190850737,0.788714903578518,1.000347593903967
2011-10-24,0.025751241404505285,0.0296262781648719,1.6986061022183918e-06,0.8563980898231733,0.8120815907047154,1.0003492931004943
2011-10-25,-0.0010218567370051308,-0.0106517612318076,1.6986061022183918e-06,0.8555229736655292,0.8034314914997823,1.0003509922999079
2011-10-26,-0.0010146504014202386,0.0152435774437693,1.6986061022183918e-06,0.8546549169368752,0.8156786616612224,1.0003526915022078
2011-10-27,-0.003849761546597731,0.0372042559148817,1.6986061022183918e-06,0.851364699302041,0.8460253793339747,1.000354390707394
2011-10-28,0.03621562614078455,0.0040998818964061,1.6986061022183918e-06,0.8821974049614251,0.8494939834706062,1.0003560899154664
2011-10-31,-0.0019036228091508537,-0.019743585435115,1.6986061022183918e-06,0.8805180338591667,0.8327219264313381,1.0003577891264253
2011-11-01,-0.023803442549632448,-0.017398608111351,1.6986061022183918e-06,0.8595586734262848,0.8182337239676301,1.0003594883402702
2011-11-03,0.016418744022640822,0.0152294890358146,1.699994398807192e-06,0.8736715472577117,0.8306950054955289,1.0003611889457973
2011-11-04,0.010545037254363685,0.0081448896831397,1.6986061022183918e-06,0.8828844462716218,0.8374609246756252,1.0003628881654172
2011-11-07,0.010668123844323085,0.0090165331515255,1.7028503218607938e-06,0.892303166884674,0.8450119188660702,1.0003645916336832
2011-11-08,-0.0035669606325393613,-0.0029223466612611,1.6986061022183918e-06,0.8891203566161062,0.8425425011062461,1.000366290859083
2011-11-09,-0.02443134114256487,-0.0250059295903499,1.697178139581368e-06,0.8673979538668192,0.821473942646706,1.0003679886588834
2011-11-10,0.0018571834205613617,-0.0039617723718505,1.69575017627821e-06,0.8690088709657695,0.8182194498765333,1.0003696850330765
2011-11-11,0.00581293047492087,0.0213705034716165,1.69575017627821e-06,0.874060359114783,0.8357052114706639,1.0003713814101463
2011-11-14,-0.006287470968781463,-0.0049362051001758,1.6929339139437616e-06,0.868564729981886,0.831579999143559,1.0003730749727844
2011-11-16,0.007428745944287031,0.0051838374128874,1.6943618781350978e-06,0.8750170766970897,0.8358907746549282,1.0003747699667864
2011-11-17,-0.021944940991825316,-0.0268271857923497,1.6943618781350978e-06,0.8558148785821326,0.8134661775411494,1.0003764649636606
2011-11-18,-0.008237128336720047,-0.0045271894576146,1.69575017627821e-06,0.8487654215947771,0.809783462038059,1.0003781613522273
2011-11-21,-0.00501256012294367,-0.0078616629356084,1.697178139581368e-06,0.8445109338887576,0.8034172174086857,1.0003798591721742
2011-11-22,-0.008689632417645555,-0.007231056231678,1.697178139581368e-06,0.8371724443005818,0.7976076623321052,1.0003815569950025
2011-11-23,-0.013783439693567101,-0.0162138945559969,1.697178139581368e-06,0.8256333284014485,0.7846753357979973,1.0003832548207123
2011-11-24,0.001097981691007631,0.0056028523612021,1.697178139581368e-06,0.8265398586795191,0.7890717558559502,1.0003849526493036
2011-11-25,-0.00045276306354069995,-0.0069826338639652,1.6943618781350978e-06,0.8261656319609648,0.7835619566924119,1.0003866476634309
2011-11-28,0.02083373817924655,0.0204576092104784,1.6929339139437616e-06,0.8433777504299312,0.7995917609946231,1.0003883412519137
2011-11-29,-0.014501753017997238,-0.0127996858096649,1.6915059490862916e-06,0.8311472945923223,0.7893572376778952,1.0003900334147442
2011-11-30,0.027287063402712433,0.0284810126582277,1.6943618781350978e-06,0.8538268635168559,0.8118389311560631,1.0003917284374801
2011-12-01,0.010814178440980808,0.0222945054945054,1.6249066900897446e-06,0.8630602995766301,0.8299384786673754,1.0003933539806924
2011-12-02,-0.002473601695568986,-0.004420136559861,1.6263346787059874e-06,0.8609254321562191,0.8262700372553823,1.0003949809550963
2011-12-05,0.013462456977518038,0.0176899423003835,1.6277626666560965e-06,0.8725156037474734,0.8408867065389658,1.0003966093606982
2011-12-06,0.01335249376130381,0.0106263792225429,1.6263346787059874e-06,0.8841658629031518,0.849822287565844,1.0003982363403965
2011-12-07,-0.02102379845738482,-0.0146633969363074,1.6249066900897446e-06,0.8655773379985763,0.8373610060379453,1.0003998618941834
2011-12-08,-0.008761713947956077,-0.0205921961031655,1.6220507110809024e-06,0.8579933969631994,0.820117903992468,1.0004014845934908
2011-12-09,0.01272758081480564,0.0135932468888695,1.6192343967880165e-06,0.8689135772616182,0.8312659691394197,1.0004031044779853
2011-12-12,-0.0018346822088387694,-0.0152654715296379,1.6178064055072383e-06,0.8673193969803978,0.8185763021539652,1.0004047229365358
2011-12-13,-0.0064087901218819075,0.0025807801628681,1.6192343967880165e-06,0.8617609289965134,0.8206888676363581,1.000406342826274
2011-12-14,-0.010094770812208284,-0.0147491086181407,1.623478700807368e-06,0.8530616499233779,0.8085844383858906,1.0004079669646637
2011-12-15,-0.0012292370226700921,-0.0055784066234751,1.6249066900897446e-06,0.852013034960672,0.8040738255991599,1.000409592534262
2011-12-16,-0.004784263868895754,-0.0041540182137721,1.6263346787059874e-06,0.8479367797816815,0.8007336882824035,1.0004112195350752
2011-12-19,-0.0038153516701774693,-0.0142431859101199,1.6277626666560965e-06,0.8447016027727365,0.7893286894957013,1.0004128479671097
2011-12-20,0.024193830973180567,0.0283373720568556,1.629150988113892e-06,0.8651381705729949,0.8116961902450913,1.0004144777906896
2011-12-21,0.0014948844279189077,-0.0037281280225094,1.6277626666560965e-06,0.8664314521521829,0.8086700829324744,1.0004161062280277
2011-12-22,0.011674293452994415,0.0122676645543924,1.6263346787059874e-06,0.8765464271815114,0.8185905762450627,1.0004177332394344
2011-12-23,0.007178583746649753,0.0061554021064378,1.6263346787059874e-06,0.8828387891168606,0.8236293304023917,1.0004193602534872
2011-12-26,-0.002464489064152377,-0.0005545831094782,1.6220507110809024e-06,0.8806630425756726,0.8231725594872797,1.000420982984422
2011-12-27,0.005881228265271038,0.005826353846954,1.623478700807368e-06,0.8858424229538482,0.8279686540959554,1.0004226071465796
2011-12-28,-0.022807940676825636,-0.0253598827687268,1.6220507110809024e-06,0.8656381815221013,0.8069714660919015,1.000424229882781
2011-12-29,0.004784616831783316,0.0038914635440618,1.6249066900897446e-06,0.8697799285356462,0.8101117661332963,1.000425855478805
2012-01-02,0.010040193057294056,0.0221217887725975,3.2526720017411748e-06,0.8785126869355034,0.828032887505893,1.000429109535975
2012-01-03,0.009629483290650217,0.0216430067488946,1.6263346787059874e-06,0.8869723101749731,0.8459540088784897,1.0004307365685294
2012-01-04,-0.0006196501805856079,0.0016873365392726,1.6263346787059874e-06,0.8864226976227988,0.8473814179882145,1.00043236360373
2012-01-05,-0.0060577120616121536,-0.0137960077486735,1.6220507110809024e-06,0.8810530041557223,0.8356909373795672,1.0004339863557568
2012-01-06,-0.0031823223219705384,0.0009223516551088,1.623478700807368e-06,0.8782492095137583,0.8364617382988188,1.000435610539025
2012-01-09,0.002042040769110031,0.0082423208191126,1.6178064055072383e-06,0.8800426302050239,0.8433561242987903,1.0004372290501642
2012-01-10,0.0011777150181779853,0.01223702249378,1.6192343967880165e-06,0.8810790696272532,0.8536762921621017,1.0004388489925373
